year,batch_id,reporter_id,reporter_iso3,reporter_name,canonical_name,wto_reporter_code,expected_batch_filename,expected_batch_path,file_present,present_file_name,present_file_size_bytes,source_family,acquisition_status,notes
2023,AFG_2023,AFG,AFG,Afghanistan,Afghanistan,004,imports_AFG_2023.csv,C:\Users\Hayden.Stolzenberg\tarriff-tracker-git\data\raw\worldwide\wto_ttd\inbox\imports_batches\imports_AFG_2023.csv,no,,,wto_ttd_bilateral_imports,pending,Acquire one reporter-batch bilateral imports CSV for this reporter/year
2023,BGD_2023,BGD,BGD,Bangladesh,Bangladesh,050,imports_BGD_2023.csv,C:\Users\Hayden.Stolzenberg\tarriff-tracker-git\data\raw\worldwide\wto_ttd\inbox\imports_batches\imports_BGD_2023.csv,no,,,wto_ttd_bilateral_imports,pending,Acquire one reporter-batch bilateral imports CSV for this reporter/year
2023,BLR_2023,BLR,BLR,Belarus,Belarus,112,imports_BLR_2023.csv,C:\Users\Hayden.Stolzenberg\tarriff-tracker-git\data\raw\worldwide\wto_ttd\inbox\imports_batches\imports_BLR_2023.csv,no,,,wto_ttd_bilateral_imports,pending,Acquire one reporter-batch bilateral imports CSV for this reporter/year
2023,CUB_2023,CUB,CUB,Cuba,Cuba,192,imports_CUB_2023.csv,C:\Users\Hayden.Stolzenberg\tarriff-tracker-git\data\raw\worldwide\wto_ttd\inbox\imports_batches\imports_CUB_2023.csv,no,,,wto_ttd_bilateral_imports,pending,Acquire one reporter-batch bilateral imports CSV for this reporter/year
2023,CUW_2023,CUW,CUW,Curaçao,Curaçao,531,imports_CUW_2023.csv,C:\Users\Hayden.Stolzenberg\tarriff-tracker-git\data\raw\worldwide\wto_ttd\inbox\imports_batches\imports_CUW_2023.csv,no,,,wto_ttd_bilateral_imports,pending,Acquire one reporter-batch bilateral imports CSV for this reporter/year
2023,DZA_2023,DZA,DZA,Algeria,Algeria,012,imports_DZA_2023.csv,C:\Users\Hayden.Stolzenberg\tarriff-tracker-git\data\raw\worldwide\wto_ttd\inbox\imports_batches\imports_DZA_2023.csv,no,,,wto_ttd_bilateral_imports,pending,Acquire one reporter-batch bilateral imports CSV for this reporter/year
2023,ERI_2023,ERI,ERI,Eritrea,Eritrea,232,imports_ERI_2023.csv,C:\Users\Hayden.Stolzenberg\tarriff-tracker-git\data\raw\worldwide\wto_ttd\inbox\imports_batches\imports_ERI_2023.csv,no,,,wto_ttd_bilateral_imports,pending,Acquire one reporter-batch bilateral imports CSV for this reporter/year
2023,FSM_2023,FSM,FSM,"Micronesia, Federated States of","Micronesia, Federated States of",583,imports_FSM_2023.csv,C:\Users\Hayden.Stolzenberg\tarriff-tracker-git\data\raw\worldwide\wto_ttd\inbox\imports_batches\imports_FSM_2023.csv,no,,,wto_ttd_bilateral_imports,pending,Acquire one reporter-batch bilateral imports CSV for this reporter/year
2023,GNB_2023,GNB,GNB,Guinea-Bissau,Guinea-Bissau,624,imports_GNB_2023.csv,C:\Users\Hayden.Stolzenberg\tarriff-tracker-git\data\raw\worldwide\wto_ttd\inbox\imports_batches\imports_GNB_2023.csv,no,,,wto_ttd_bilateral_imports,pending,Acquire one reporter-batch bilateral imports CSV for this reporter/year
2023,GNQ_2023,GNQ,GNQ,Equatorial Guinea,Equatorial Guinea,226,imports_GNQ_2023.csv,C:\Users\Hayden.Stolzenberg\tarriff-tracker-git\data\raw\worldwide\wto_ttd\inbox\imports_batches\imports_GNQ_2023.csv,no,,,wto_ttd_bilateral_imports,pending,Acquire one reporter-batch bilateral imports CSV for this reporter/year
2023,HTI_2023,HTI,HTI,Haiti,Haiti,332,imports_HTI_2023.csv,C:\Users\Hayden.Stolzenberg\tarriff-tracker-git\data\raw\worldwide\wto_ttd\inbox\imports_batches\imports_HTI_2023.csv,no,,,wto_ttd_bilateral_imports,pending,Acquire one reporter-batch bilateral imports CSV for this reporter/year
2023,IRQ_2023,IRQ,IRQ,Iraq,Iraq,368,imports_IRQ_2023.csv,C:\Users\Hayden.Stolzenberg\tarriff-tracker-git\data\raw\worldwide\wto_ttd\inbox\imports_batches\imports_IRQ_2023.csv,no,,,wto_ttd_bilateral_imports,pending,Acquire one reporter-batch bilateral imports CSV for this reporter/year
2023,KNA_2023,KNA,KNA,Saint Kitts and Nevis,Saint Kitts and Nevis,659,imports_KNA_2023.csv,C:\Users\Hayden.Stolzenberg\tarriff-tracker-git\data\raw\worldwide\wto_ttd\inbox\imports_batches\imports_KNA_2023.csv,no,,,wto_ttd_bilateral_imports,pending,Acquire one reporter-batch bilateral imports CSV for this reporter/year
2023,LBY_2023,LBY,LBY,Libya,Libya,434,imports_LBY_2023.csv,C:\Users\Hayden.Stolzenberg\tarriff-tracker-git\data\raw\worldwide\wto_ttd\inbox\imports_batches\imports_LBY_2023.csv,no,,,wto_ttd_bilateral_imports,pending,Acquire one reporter-batch bilateral imports CSV for this reporter/year
2023,LCA_2023,LCA,LCA,Saint Lucia,Saint Lucia,662,imports_LCA_2023.csv,C:\Users\Hayden.Stolzenberg\tarriff-tracker-git\data\raw\worldwide\wto_ttd\inbox\imports_batches\imports_LCA_2023.csv,no,,,wto_ttd_bilateral_imports,pending,Acquire one reporter-batch bilateral imports CSV for this reporter/year
2023,LIE_2023,LIE,LIE,Liechtenstein,Liechtenstein,438,imports_LIE_2023.csv,C:\Users\Hayden.Stolzenberg\tarriff-tracker-git\data\raw\worldwide\wto_ttd\inbox\imports_batches\imports_LIE_2023.csv,no,,,wto_ttd_bilateral_imports,pending,Acquire one reporter-batch bilateral imports CSV for this reporter/year
2023,MNE_2023,MNE,MNE,Montenegro,Montenegro,499,imports_MNE_2023.csv,C:\Users\Hayden.Stolzenberg\tarriff-tracker-git\data\raw\worldwide\wto_ttd\inbox\imports_batches\imports_MNE_2023.csv,no,,,wto_ttd_bilateral_imports,pending,Acquire one reporter-batch bilateral imports CSV for this reporter/year
2023,MTQ_2023,MTQ,MTQ,Martinique,Martinique,474,imports_MTQ_2023.csv,C:\Users\Hayden.Stolzenberg\tarriff-tracker-git\data\raw\worldwide\wto_ttd\inbox\imports_batches\imports_MTQ_2023.csv,no,,,wto_ttd_bilateral_imports,pending,Acquire one reporter-batch bilateral imports CSV for this reporter/year
2023,PRK_2023,PRK,PRK,"Korea, Democratic People's Republic of","Korea, Democratic People's Republic of",408,imports_PRK_2023.csv,C:\Users\Hayden.Stolzenberg\tarriff-tracker-git\data\raw\worldwide\wto_ttd\inbox\imports_batches\imports_PRK_2023.csv,no,,,wto_ttd_bilateral_imports,pending,Acquire one reporter-batch bilateral imports CSV for this reporter/year
2023,PRY_2023,PRY,PRY,Paraguay,Paraguay,600,imports_PRY_2023.csv,C:\Users\Hayden.Stolzenberg\tarriff-tracker-git\data\raw\worldwide\wto_ttd\inbox\imports_batches\imports_PRY_2023.csv,no,,,wto_ttd_bilateral_imports,pending,Acquire one reporter-batch bilateral imports CSV for this reporter/year
2023,RUS_2023,RUS,RUS,Russia,Russia,643,imports_RUS_2023.csv,C:\Users\Hayden.Stolzenberg\tarriff-tracker-git\data\raw\worldwide\wto_ttd\inbox\imports_batches\imports_RUS_2023.csv,no,,,wto_ttd_bilateral_imports,pending,Acquire one reporter-batch bilateral imports CSV for this reporter/year
2023,SDN_2023,SDN,SDN,Sudan,Sudan,729,imports_SDN_2023.csv,C:\Users\Hayden.Stolzenberg\tarriff-tracker-git\data\raw\worldwide\wto_ttd\inbox\imports_batches\imports_SDN_2023.csv,no,,,wto_ttd_bilateral_imports,pending,Acquire one reporter-batch bilateral imports CSV for this reporter/year
2023,SLB_2023,SLB,SLB,Solomon Islands,Solomon Islands,090,imports_SLB_2023.csv,C:\Users\Hayden.Stolzenberg\tarriff-tracker-git\data\raw\worldwide\wto_ttd\inbox\imports_batches\imports_SLB_2023.csv,no,,,wto_ttd_bilateral_imports,pending,Acquire one reporter-batch bilateral imports CSV for this reporter/year
2023,SLE_2023,SLE,SLE,Sierra Leone,Sierra Leone,694,imports_SLE_2023.csv,C:\Users\Hayden.Stolzenberg\tarriff-tracker-git\data\raw\worldwide\wto_ttd\inbox\imports_batches\imports_SLE_2023.csv,no,,,wto_ttd_bilateral_imports,pending,Acquire one reporter-batch bilateral imports CSV for this reporter/year
2023,SOM_2023,SOM,SOM,Somalia,Somalia,706,imports_SOM_2023.csv,C:\Users\Hayden.Stolzenberg\tarriff-tracker-git\data\raw\worldwide\wto_ttd\inbox\imports_batches\imports_SOM_2023.csv,no,,,wto_ttd_bilateral_imports,pending,Acquire one reporter-batch bilateral imports CSV for this reporter/year
2023,SRB_2023,SRB,SRB,Serbia,Serbia,688,imports_SRB_2023.csv,C:\Users\Hayden.Stolzenberg\tarriff-tracker-git\data\raw\worldwide\wto_ttd\inbox\imports_batches\imports_SRB_2023.csv,no,,,wto_ttd_bilateral_imports,pending,Acquire one reporter-batch bilateral imports CSV for this reporter/year
2023,SSD_2023,SSD,SSD,South Sudan,South Sudan,728,imports_SSD_2023.csv,C:\Users\Hayden.Stolzenberg\tarriff-tracker-git\data\raw\worldwide\wto_ttd\inbox\imports_batches\imports_SSD_2023.csv,no,,,wto_ttd_bilateral_imports,pending,Acquire one reporter-batch bilateral imports CSV for this reporter/year
2023,SYR_2023,SYR,SYR,Syrian Arab Republic,Syrian Arab Republic,760,imports_SYR_2023.csv,C:\Users\Hayden.Stolzenberg\tarriff-tracker-git\data\raw\worldwide\wto_ttd\inbox\imports_batches\imports_SYR_2023.csv,no,,,wto_ttd_bilateral_imports,pending,Acquire one reporter-batch bilateral imports CSV for this reporter/year
2023,TCD_2023,TCD,TCD,Chad,Chad,148,imports_TCD_2023.csv,C:\Users\Hayden.Stolzenberg\tarriff-tracker-git\data\raw\worldwide\wto_ttd\inbox\imports_batches\imports_TCD_2023.csv,no,,,wto_ttd_bilateral_imports,pending,Acquire one reporter-batch bilateral imports CSV for this reporter/year
2023,TKM_2023,TKM,TKM,Turkmenistan,Turkmenistan,795,imports_TKM_2023.csv,C:\Users\Hayden.Stolzenberg\tarriff-tracker-git\data\raw\worldwide\wto_ttd\inbox\imports_batches\imports_TKM_2023.csv,no,,,wto_ttd_bilateral_imports,pending,Acquire one reporter-batch bilateral imports CSV for this reporter/year
2023,UMI_2023,UMI,UMI,United States Minor Outlying Islands,United States Minor Outlying Islands,581,imports_UMI_2023.csv,C:\Users\Hayden.Stolzenberg\tarriff-tracker-git\data\raw\worldwide\wto_ttd\inbox\imports_batches\imports_UMI_2023.csv,no,,,wto_ttd_bilateral_imports,pending,Acquire one reporter-batch bilateral imports CSV for this reporter/year
2023,VAT_2023,VAT,VAT,Holy See (Vatican City State),Holy See (Vatican City State),336,imports_VAT_2023.csv,C:\Users\Hayden.Stolzenberg\tarriff-tracker-git\data\raw\worldwide\wto_ttd\inbox\imports_batches\imports_VAT_2023.csv,no,,,wto_ttd_bilateral_imports,pending,Acquire one reporter-batch bilateral imports CSV for this reporter/year
2023,VEN_2023,VEN,VEN,"Venezuela, Bolivarian Republic of","Venezuela, Bolivarian Republic of",862,imports_VEN_2023.csv,C:\Users\Hayden.Stolzenberg\tarriff-tracker-git\data\raw\worldwide\wto_ttd\inbox\imports_batches\imports_VEN_2023.csv,no,,,wto_ttd_bilateral_imports,pending,Acquire one reporter-batch bilateral imports CSV for this reporter/year
2023,VUT_2023,VUT,VUT,Vanuatu,Vanuatu,548,imports_VUT_2023.csv,C:\Users\Hayden.Stolzenberg\tarriff-tracker-git\data\raw\worldwide\wto_ttd\inbox\imports_batches\imports_VUT_2023.csv,no,,,wto_ttd_bilateral_imports,pending,Acquire one reporter-batch bilateral imports CSV for this reporter/year
2023,YEM_2023,YEM,YEM,Yemen,Yemen,887,imports_YEM_2023.csv,C:\Users\Hayden.Stolzenberg\tarriff-tracker-git\data\raw\worldwide\wto_ttd\inbox\imports_batches\imports_YEM_2023.csv,no,,,wto_ttd_bilateral_imports,pending,Acquire one reporter-batch bilateral imports CSV for this reporter/year
