priority_rank,year,batch_id,reporter_id,reporter_iso3,reporter_name,canonical_name,wto_reporter_code,observed_partner_trade_usd_m_from_present_reporters,observed_present_reporter_count_importing_from_partner,priority_basis,source_portal,source_section,flow,product_scope,format,expected_batch_filename,expected_batch_path,download_status,source_family,notes
1,2023,RUS_2023,RUS,RUS,Russia,Russia,643,408376.174,122,observed trade from present reporters,WTO Data portal,INDICATORS,Imports by origin,TOTAL / All products,CSV,imports_RUS_2023.csv,C:\Users\Hayden.Stolzenberg\tarriff-tracker-git\data\raw\worldwide\wto_ttd\inbox\imports_batches\imports_RUS_2023.csv,pending,wto_ttd_bilateral_imports,Acquire one reporter-batch bilateral imports CSV for this reporter/year
2,2023,IRQ_2023,IRQ,IRQ,Iraq,Iraq,368,118760.578,84,observed trade from present reporters,WTO Data portal,INDICATORS,Imports by origin,TOTAL / All products,CSV,imports_IRQ_2023.csv,C:\Users\Hayden.Stolzenberg\tarriff-tracker-git\data\raw\worldwide\wto_ttd\inbox\imports_batches\imports_IRQ_2023.csv,pending,wto_ttd_bilateral_imports,Acquire one reporter-batch bilateral imports CSV for this reporter/year
3,2023,BGD_2023,BGD,BGD,Bangladesh,Bangladesh,050,48555.059,124,observed trade from present reporters,WTO Data portal,INDICATORS,Imports by origin,TOTAL / All products,CSV,imports_BGD_2023.csv,C:\Users\Hayden.Stolzenberg\tarriff-tracker-git\data\raw\worldwide\wto_ttd\inbox\imports_batches\imports_BGD_2023.csv,pending,wto_ttd_bilateral_imports,Acquire one reporter-batch bilateral imports CSV for this reporter/year
4,2023,DZA_2023,DZA,DZA,Algeria,Algeria,012,46885.911,107,observed trade from present reporters,WTO Data portal,INDICATORS,Imports by origin,TOTAL / All products,CSV,imports_DZA_2023.csv,C:\Users\Hayden.Stolzenberg\tarriff-tracker-git\data\raw\worldwide\wto_ttd\inbox\imports_batches\imports_DZA_2023.csv,pending,wto_ttd_bilateral_imports,Acquire one reporter-batch bilateral imports CSV for this reporter/year
5,2023,LBY_2023,LBY,LBY,Libya,Libya,434,35341.967,67,observed trade from present reporters,WTO Data portal,INDICATORS,Imports by origin,TOTAL / All products,CSV,imports_LBY_2023.csv,C:\Users\Hayden.Stolzenberg\tarriff-tracker-git\data\raw\worldwide\wto_ttd\inbox\imports_batches\imports_LBY_2023.csv,pending,wto_ttd_bilateral_imports,Acquire one reporter-batch bilateral imports CSV for this reporter/year
6,2023,TKM_2023,TKM,TKM,Turkmenistan,Turkmenistan,795,15232.079,77,observed trade from present reporters,WTO Data portal,INDICATORS,Imports by origin,TOTAL / All products,CSV,imports_TKM_2023.csv,C:\Users\Hayden.Stolzenberg\tarriff-tracker-git\data\raw\worldwide\wto_ttd\inbox\imports_batches\imports_TKM_2023.csv,pending,wto_ttd_bilateral_imports,Acquire one reporter-batch bilateral imports CSV for this reporter/year
7,2023,PRY_2023,PRY,PRY,Paraguay,Paraguay,600,11077.563,110,observed trade from present reporters,WTO Data portal,INDICATORS,Imports by origin,TOTAL / All products,CSV,imports_PRY_2023.csv,C:\Users\Hayden.Stolzenberg\tarriff-tracker-git\data\raw\worldwide\wto_ttd\inbox\imports_batches\imports_PRY_2023.csv,pending,wto_ttd_bilateral_imports,Acquire one reporter-batch bilateral imports CSV for this reporter/year
8,2023,VEN_2023,VEN,VEN,"Venezuela, Bolivarian Republic of","Venezuela, Bolivarian Republic of",862,7986.59,101,observed trade from present reporters,WTO Data portal,INDICATORS,Imports by origin,TOTAL / All products,CSV,imports_VEN_2023.csv,C:\Users\Hayden.Stolzenberg\tarriff-tracker-git\data\raw\worldwide\wto_ttd\inbox\imports_batches\imports_VEN_2023.csv,pending,wto_ttd_bilateral_imports,Acquire one reporter-batch bilateral imports CSV for this reporter/year
9,2023,BLR_2023,BLR,BLR,Belarus,Belarus,112,7669.152,106,observed trade from present reporters,WTO Data portal,INDICATORS,Imports by origin,TOTAL / All products,CSV,imports_BLR_2023.csv,C:\Users\Hayden.Stolzenberg\tarriff-tracker-git\data\raw\worldwide\wto_ttd\inbox\imports_batches\imports_BLR_2023.csv,pending,wto_ttd_bilateral_imports,Acquire one reporter-batch bilateral imports CSV for this reporter/year
10,2023,GNQ_2023,GNQ,GNQ,Equatorial Guinea,Equatorial Guinea,226,5350.354,58,observed trade from present reporters,WTO Data portal,INDICATORS,Imports by origin,TOTAL / All products,CSV,imports_GNQ_2023.csv,C:\Users\Hayden.Stolzenberg\tarriff-tracker-git\data\raw\worldwide\wto_ttd\inbox\imports_batches\imports_GNQ_2023.csv,pending,wto_ttd_bilateral_imports,Acquire one reporter-batch bilateral imports CSV for this reporter/year
11,2023,TCD_2023,TCD,TCD,Chad,Chad,148,4117.917,76,observed trade from present reporters,WTO Data portal,INDICATORS,Imports by origin,TOTAL / All products,CSV,imports_TCD_2023.csv,C:\Users\Hayden.Stolzenberg\tarriff-tracker-git\data\raw\worldwide\wto_ttd\inbox\imports_batches\imports_TCD_2023.csv,pending,wto_ttd_bilateral_imports,Acquire one reporter-batch bilateral imports CSV for this reporter/year
12,2023,LIE_2023,LIE,LIE,Liechtenstein,Liechtenstein,438,3232.797,47,observed trade from present reporters,WTO Data portal,INDICATORS,Imports by origin,TOTAL / All products,CSV,imports_LIE_2023.csv,C:\Users\Hayden.Stolzenberg\tarriff-tracker-git\data\raw\worldwide\wto_ttd\inbox\imports_batches\imports_LIE_2023.csv,pending,wto_ttd_bilateral_imports,Acquire one reporter-batch bilateral imports CSV for this reporter/year
13,2023,AFG_2023,AFG,AFG,Afghanistan,Afghanistan,004,1560.86,98,observed trade from present reporters,WTO Data portal,INDICATORS,Imports by origin,TOTAL / All products,CSV,imports_AFG_2023.csv,C:\Users\Hayden.Stolzenberg\tarriff-tracker-git\data\raw\worldwide\wto_ttd\inbox\imports_batches\imports_AFG_2023.csv,pending,wto_ttd_bilateral_imports,Acquire one reporter-batch bilateral imports CSV for this reporter/year
14,2023,SLE_2023,SLE,SLE,Sierra Leone,Sierra Leone,694,1490.7,104,observed trade from present reporters,WTO Data portal,INDICATORS,Imports by origin,TOTAL / All products,CSV,imports_SLE_2023.csv,C:\Users\Hayden.Stolzenberg\tarriff-tracker-git\data\raw\worldwide\wto_ttd\inbox\imports_batches\imports_SLE_2023.csv,pending,wto_ttd_bilateral_imports,Acquire one reporter-batch bilateral imports CSV for this reporter/year
15,2023,SYR_2023,SYR,SYR,Syrian Arab Republic,Syrian Arab Republic,760,1108.429,89,observed trade from present reporters,WTO Data portal,INDICATORS,Imports by origin,TOTAL / All products,CSV,imports_SYR_2023.csv,C:\Users\Hayden.Stolzenberg\tarriff-tracker-git\data\raw\worldwide\wto_ttd\inbox\imports_batches\imports_SYR_2023.csv,pending,wto_ttd_bilateral_imports,Acquire one reporter-batch bilateral imports CSV for this reporter/year
16,2023,YEM_2023,YEM,YEM,Yemen,Yemen,887,1054.873,73,observed trade from present reporters,WTO Data portal,INDICATORS,Imports by origin,TOTAL / All products,CSV,imports_YEM_2023.csv,C:\Users\Hayden.Stolzenberg\tarriff-tracker-git\data\raw\worldwide\wto_ttd\inbox\imports_batches\imports_YEM_2023.csv,pending,wto_ttd_bilateral_imports,Acquire one reporter-batch bilateral imports CSV for this reporter/year
17,2023,CUB_2023,CUB,CUB,Cuba,Cuba,192,1014.556,106,observed trade from present reporters,WTO Data portal,INDICATORS,Imports by origin,TOTAL / All products,CSV,imports_CUB_2023.csv,C:\Users\Hayden.Stolzenberg\tarriff-tracker-git\data\raw\worldwide\wto_ttd\inbox\imports_batches\imports_CUB_2023.csv,pending,wto_ttd_bilateral_imports,Acquire one reporter-batch bilateral imports CSV for this reporter/year
18,2023,HTI_2023,HTI,HTI,Haiti,Haiti,332,977.332,94,observed trade from present reporters,WTO Data portal,INDICATORS,Imports by origin,TOTAL / All products,CSV,imports_HTI_2023.csv,C:\Users\Hayden.Stolzenberg\tarriff-tracker-git\data\raw\worldwide\wto_ttd\inbox\imports_batches\imports_HTI_2023.csv,pending,wto_ttd_bilateral_imports,Acquire one reporter-batch bilateral imports CSV for this reporter/year
19,2023,SOM_2023,SOM,SOM,Somalia,Somalia,706,950.879,72,observed trade from present reporters,WTO Data portal,INDICATORS,Imports by origin,TOTAL / All products,CSV,imports_SOM_2023.csv,C:\Users\Hayden.Stolzenberg\tarriff-tracker-git\data\raw\worldwide\wto_ttd\inbox\imports_batches\imports_SOM_2023.csv,pending,wto_ttd_bilateral_imports,Acquire one reporter-batch bilateral imports CSV for this reporter/year
20,2023,SSD_2023,SSD,SSD,South Sudan,South Sudan,728,672.651,34,observed trade from present reporters,WTO Data portal,INDICATORS,Imports by origin,TOTAL / All products,CSV,imports_SSD_2023.csv,C:\Users\Hayden.Stolzenberg\tarriff-tracker-git\data\raw\worldwide\wto_ttd\inbox\imports_batches\imports_SSD_2023.csv,pending,wto_ttd_bilateral_imports,Acquire one reporter-batch bilateral imports CSV for this reporter/year
21,2023,SLB_2023,SLB,SLB,Solomon Islands,Solomon Islands,090,557.497,59,observed trade from present reporters,WTO Data portal,INDICATORS,Imports by origin,TOTAL / All products,CSV,imports_SLB_2023.csv,C:\Users\Hayden.Stolzenberg\tarriff-tracker-git\data\raw\worldwide\wto_ttd\inbox\imports_batches\imports_SLB_2023.csv,pending,wto_ttd_bilateral_imports,Acquire one reporter-batch bilateral imports CSV for this reporter/year
22,2023,CUW_2023,CUW,CUW,Curaçao,Curaçao,531,353.48,71,observed trade from present reporters,WTO Data portal,INDICATORS,Imports by origin,TOTAL / All products,CSV,imports_CUW_2023.csv,C:\Users\Hayden.Stolzenberg\tarriff-tracker-git\data\raw\worldwide\wto_ttd\inbox\imports_batches\imports_CUW_2023.csv,pending,wto_ttd_bilateral_imports,Acquire one reporter-batch bilateral imports CSV for this reporter/year
23,2023,VUT_2023,VUT,VUT,Vanuatu,Vanuatu,548,207.624,51,observed trade from present reporters,WTO Data portal,INDICATORS,Imports by origin,TOTAL / All products,CSV,imports_VUT_2023.csv,C:\Users\Hayden.Stolzenberg\tarriff-tracker-git\data\raw\worldwide\wto_ttd\inbox\imports_batches\imports_VUT_2023.csv,pending,wto_ttd_bilateral_imports,Acquire one reporter-batch bilateral imports CSV for this reporter/year
24,2023,GNB_2023,GNB,GNB,Guinea-Bissau,Guinea-Bissau,624,114.068,50,observed trade from present reporters,WTO Data portal,INDICATORS,Imports by origin,TOTAL / All products,CSV,imports_GNB_2023.csv,C:\Users\Hayden.Stolzenberg\tarriff-tracker-git\data\raw\worldwide\wto_ttd\inbox\imports_batches\imports_GNB_2023.csv,pending,wto_ttd_bilateral_imports,Acquire one reporter-batch bilateral imports CSV for this reporter/year
25,2023,KNA_2023,KNA,KNA,Saint Kitts and Nevis,Saint Kitts and Nevis,659,78.126,70,observed trade from present reporters,WTO Data portal,INDICATORS,Imports by origin,TOTAL / All products,CSV,imports_KNA_2023.csv,C:\Users\Hayden.Stolzenberg\tarriff-tracker-git\data\raw\worldwide\wto_ttd\inbox\imports_batches\imports_KNA_2023.csv,pending,wto_ttd_bilateral_imports,Acquire one reporter-batch bilateral imports CSV for this reporter/year
26,2023,LCA_2023,LCA,LCA,Saint Lucia,Saint Lucia,662,76.996,51,observed trade from present reporters,WTO Data portal,INDICATORS,Imports by origin,TOTAL / All products,CSV,imports_LCA_2023.csv,C:\Users\Hayden.Stolzenberg\tarriff-tracker-git\data\raw\worldwide\wto_ttd\inbox\imports_batches\imports_LCA_2023.csv,pending,wto_ttd_bilateral_imports,Acquire one reporter-batch bilateral imports CSV for this reporter/year
27,2023,VAT_2023,VAT,VAT,Holy See (Vatican City State),Holy See (Vatican City State),336,29.695,55,observed trade from present reporters,WTO Data portal,INDICATORS,Imports by origin,TOTAL / All products,CSV,imports_VAT_2023.csv,C:\Users\Hayden.Stolzenberg\tarriff-tracker-git\data\raw\worldwide\wto_ttd\inbox\imports_batches\imports_VAT_2023.csv,pending,wto_ttd_bilateral_imports,Acquire one reporter-batch bilateral imports CSV for this reporter/year
28,2023,ERI_2023,ERI,ERI,Eritrea,Eritrea,232,0.0,0,alphabetical fallback,WTO Data portal,INDICATORS,Imports by origin,TOTAL / All products,CSV,imports_ERI_2023.csv,C:\Users\Hayden.Stolzenberg\tarriff-tracker-git\data\raw\worldwide\wto_ttd\inbox\imports_batches\imports_ERI_2023.csv,pending,wto_ttd_bilateral_imports,Acquire one reporter-batch bilateral imports CSV for this reporter/year
29,2023,FSM_2023,FSM,FSM,"Micronesia, Federated States of","Micronesia, Federated States of",583,0.0,0,alphabetical fallback,WTO Data portal,INDICATORS,Imports by origin,TOTAL / All products,CSV,imports_FSM_2023.csv,C:\Users\Hayden.Stolzenberg\tarriff-tracker-git\data\raw\worldwide\wto_ttd\inbox\imports_batches\imports_FSM_2023.csv,pending,wto_ttd_bilateral_imports,Acquire one reporter-batch bilateral imports CSV for this reporter/year
30,2023,MNE_2023,MNE,MNE,Montenegro,Montenegro,499,0.0,0,alphabetical fallback,WTO Data portal,INDICATORS,Imports by origin,TOTAL / All products,CSV,imports_MNE_2023.csv,C:\Users\Hayden.Stolzenberg\tarriff-tracker-git\data\raw\worldwide\wto_ttd\inbox\imports_batches\imports_MNE_2023.csv,pending,wto_ttd_bilateral_imports,Acquire one reporter-batch bilateral imports CSV for this reporter/year
31,2023,MTQ_2023,MTQ,MTQ,Martinique,Martinique,474,0.0,0,alphabetical fallback,WTO Data portal,INDICATORS,Imports by origin,TOTAL / All products,CSV,imports_MTQ_2023.csv,C:\Users\Hayden.Stolzenberg\tarriff-tracker-git\data\raw\worldwide\wto_ttd\inbox\imports_batches\imports_MTQ_2023.csv,pending,wto_ttd_bilateral_imports,Acquire one reporter-batch bilateral imports CSV for this reporter/year
32,2023,PRK_2023,PRK,PRK,"Korea, Democratic People's Republic of","Korea, Democratic People's Republic of",408,0.0,0,alphabetical fallback,WTO Data portal,INDICATORS,Imports by origin,TOTAL / All products,CSV,imports_PRK_2023.csv,C:\Users\Hayden.Stolzenberg\tarriff-tracker-git\data\raw\worldwide\wto_ttd\inbox\imports_batches\imports_PRK_2023.csv,pending,wto_ttd_bilateral_imports,Acquire one reporter-batch bilateral imports CSV for this reporter/year
33,2023,SDN_2023,SDN,SDN,Sudan,Sudan,729,0.0,0,alphabetical fallback,WTO Data portal,INDICATORS,Imports by origin,TOTAL / All products,CSV,imports_SDN_2023.csv,C:\Users\Hayden.Stolzenberg\tarriff-tracker-git\data\raw\worldwide\wto_ttd\inbox\imports_batches\imports_SDN_2023.csv,pending,wto_ttd_bilateral_imports,Acquire one reporter-batch bilateral imports CSV for this reporter/year
34,2023,SRB_2023,SRB,SRB,Serbia,Serbia,688,0.0,0,alphabetical fallback,WTO Data portal,INDICATORS,Imports by origin,TOTAL / All products,CSV,imports_SRB_2023.csv,C:\Users\Hayden.Stolzenberg\tarriff-tracker-git\data\raw\worldwide\wto_ttd\inbox\imports_batches\imports_SRB_2023.csv,pending,wto_ttd_bilateral_imports,Acquire one reporter-batch bilateral imports CSV for this reporter/year
35,2023,UMI_2023,UMI,UMI,United States Minor Outlying Islands,United States Minor Outlying Islands,581,0.0,0,alphabetical fallback,WTO Data portal,INDICATORS,Imports by origin,TOTAL / All products,CSV,imports_UMI_2023.csv,C:\Users\Hayden.Stolzenberg\tarriff-tracker-git\data\raw\worldwide\wto_ttd\inbox\imports_batches\imports_UMI_2023.csv,pending,wto_ttd_bilateral_imports,Acquire one reporter-batch bilateral imports CSV for this reporter/year
